"","Plot","1","2","3","4","5","6","7","8","9","10","11"
"1","plot1","plot11","plot2","plot4","plot5","plot3","plot8","plot10","plot12","plot9","plot6","plot7"
"2","plot2","plot11","plot10","plot12","plot9","plot6","plot7","plot1","plot8","plot3","plot5","plot4"
"3","plot3","plot11","plot10","plot12","plot9","plot6","plot7","plot1","plot2","plot4","plot5","plot8"
"4","plot4","plot11","plot10","plot12","plot9","plot6","plot7","plot1","plot8","plot2","plot3","plot5"
"5","plot5","plot11","plot10","plot12","plot9","plot6","plot7","plot1","plot2","plot8","plot3","plot4"
"6","plot6","plot2","plot4","plot5","plot3","plot11","plot8","plot10","plot1","plot12","plot7","plot9"
"7","plot7","plot2","plot4","plot5","plot11","plot3","plot8","plot10","plot12","plot1","plot9","plot6"
"8","plot8","plot11","plot10","plot12","plot9","plot6","plot7","plot1","plot2","plot4","plot5","plot3"
"9","plot9","plot2","plot4","plot5","plot3","plot11","plot8","plot10","plot1","plot12","plot7","plot6"
"10","plot10","plot2","plot4","plot5","plot3","plot8","plot1","plot11","plot7","plot6","plot9","plot12"
"11","plot11","plot2","plot4","plot5","plot3","plot8","plot1","plot7","plot6","plot9","plot12","plot10"
"12","plot12","plot2","plot4","plot5","plot3","plot8","plot11","plot1","plot10","plot7","plot6","plot9"
